Requêtes les plus fréquentes,Clics,Impressions,CTR,Position
leo lecureux,2,13,15.38%,11.46
oui pourquoi pas,1,1,100%,2
apparaitre dans chatgpt,0,42,0%,8.43
sitewebsuisse,0,42,0%,33.17
spécialiste développement web suisse,0,42,0%,64.88
bing copilot,0,31,0%,5.45
the complete guide to building skills for claude,0,24,0%,8.08
freelance wordpress geneve,0,24,0%,31.46
claude brave search,0,21,0%,19.33
développeur web freelance,0,19,0%,33.84
developpement web sur mesure ville-la-grand,0,18,0%,15.89
developpement web sur mesure gaillard,0,15,0%,20.33
claude skills deep dive,0,12,0%,5.25
tarif creation site web freelance,0,12,0%,9.75
mobile app development,0,12,0%,11.25
developpement informatique gaillard,0,12,0%,12.08
jon,0,11,0%,2.55
développeur web genève,0,11,0%,18.73
ugo mighali,0,10,0%,6.5
bing compilot,0,10,0%,6.8
comment etre visible dans perplexity,0,10,0%,11.9
𝗖𝗵𝗮𝘁𝗦𝗘𝗢 𝗔𝘃𝗶𝘀,0,10,0%,116.5
"""conductor"" ""recherche de mots clés"" -site:reddit.com -site:twitter.com 
-site:x.com -site:wykop.pl -site:tripadvisor.com -site:youtube.com 
-site:yelp.com -site:booking.com -site:facebook.com -site:instagram.com 
-site:tiktok.com",0,9,0%,1.89
"""conductor"" ""stratégie de contenu"" -site:reddit.com -site:twitter.com 
-site:x.com -site:wykop.pl -site:tripadvisor.com -site:youtube.com 
-site:yelp.com -site:booking.com -site:facebook.com -site:instagram.com 
-site:tiktok.com",0,9,0%,2.33
claude brave,0,9,0%,8.44
informatique industrielle 74,0,9,0%,13.33
developpement informatique annemasse,0,9,0%,24.22
développement informatique sur mesure,0,9,0%,25.67
software development,0,8,0%,9.75
développeur freelance suisse,0,7,0%,14.29
the complete guide for building skills for claude,0,6,0%,7.5
qui est grok xai 2026,0,6,0%,8.33
perplexitybot,0,6,0%,8.5
combien coute un site internet en suisse,0,6,0%,58
industrie informatique,0,5,0%,1
développement informatique,0,5,0%,2.4
building skills for claude,0,5,0%,4.2
the-complete-guide-to-building-skill-for-claude,0,5,0%,7.6
claude code brave mode,0,5,0%,8.2
referencement perplexity,0,5,0%,13.2
refonte site internet geneve,0,5,0%,24
claude for brave,0,4,0%,4.75
perplexity labs blog 2026,0,4,0%,5.75
site vitrine ia,0,4,0%,6
web development,0,4,0%,7.75
jon ch,0,4,0%,8.75
the complete guide to building skill for claude,0,4,0%,8.75
claude extension brave,0,4,0%,9
claude django skill,0,4,0%,9.5
prix site internet suisse,0,4,0%,17.5
freelance genève,0,4,0%,21
référencement local genève,0,4,0%,49.75
api notebooklm,0,3,0%,1
"""conductor"" ""optimisation de site web"" -site:reddit.com -site:twitter.com 
-site:x.com -site:wykop.pl -site:tripadvisor.com -site:youtube.com 
-site:yelp.com -site:booking.com -site:facebook.com -site:instagram.com 
-site:tiktok.com",0,3,0%,5.33
bing copilote,0,3,0%,5.33
claude code brave,0,3,0%,5.33
https://www.site-web-creation-pro.com/il-existe-deja-des-experts-pour-vous-referencer-sur-chatgpt-voici-la-liste-des-meilleurs/,0,3,0%,5.67
claude in brave,0,3,0%,7.33
software development services in my area,0,3,0%,7.33
"""conductor"" ""trafic web"" -site:reddit.com -site:twitter.com -site:x.com 
-site:wykop.pl -site:tripadvisor.com -site:youtube.com -site:yelp.com 
-site:booking.com -site:facebook.com -site:instagram.com -site:tiktok.com",0,3,0%,8.33
the complete guide to building design skills for claude,0,3,0%,10
prix des packages seo,0,3,0%,10.33
coutelier geneve,0,3,0%,12
entreprise développement web ville-la-grand,0,3,0%,21.33
référencement perplexity ai,0,3,0%,32.33
freelance geneve,0,3,0%,33.33
claude artifacts broken,0,3,0%,66
prix création site internet suisse,0,3,0%,79.67
creation de site internet suisse,0,3,0%,91.67
jons,0,2,0%,1
création d'applications sur mesure,0,2,0%,2
"""conductor"" ""intelligence de recherche"" -site:reddit.com -site:twitter.com 
-site:x.com -site:wykop.pl -site:tripadvisor.com -site:youtube.com 
-site:yelp.com -site:booking.com -site:facebook.com -site:instagram.com 
-site:tiktok.com",0,2,0%,3
oui,0,2,0%,3.5
consultant,0,2,0%,4
bing copilote ia,0,2,0%,5
claude building skills,0,2,0%,6
the complete guide to build skills for claude,0,2,0%,6
claude skills building guide,0,2,0%,6.5
a complete guide to building skills for claude,0,2,0%,7
moteur de recherche claude,0,2,0%,7
prix du package local seo,0,2,0%,9
developpement informatique saint-julien,0,2,0%,17
avis chatseo,0,2,0%,20.5
developpement web sur mesure la-roche-sur-foron,0,2,0%,26
creation site internet gaillard,0,2,0%,31
co pilot bing,0,2,0%,43
référencement local geneve,0,2,0%,58
comment être référencé sur perplexity,0,2,0%,87.5
brave claude,0,1,0%,1
consultant informatique,0,1,0%,1
développeur freelance suisse romande,0,1,0%,1
entreprise de développement informatique,0,1,0%,1
entreprise informatique,0,1,0%,1
informaticien autour de moi,0,1,0%,1
informatique développement,0,1,0%,1
informatique ouvert actuellement,0,1,0%,1
it beratung,0,1,0%,1
it consulting companies,0,1,0%,1
mobile software development,0,1,0%,1
réparation électronique,0,1,0%,1
checklist seo avant/après refonte de site en suisse romande.,0,1,0%,2
grok x integration 2026,0,1,0%,2
"""conductor"" ""seo"" -site:reddit.com -site:twitter.com -site:x.com 
-site:wykop.pl -site:tripadvisor.com -site:youtube.com -site:yelp.com 
-site:booking.com -site:facebook.com -site:instagram.com -site:tiktok.com",0,1,0%,3
bing.copilot,0,1,0%,3
claude skills folder structure,0,1,0%,3
designer informatique,0,1,0%,3
jon lab,0,1,0%,3
jon web,0,1,0%,3
"visite cette url. résume cet article de façon concise dans un paragraphe et 
ajoute au maximum 5 points clés en bullet point. garde aussi le domaine 
pour tes citations. https://www.seo.fr/blog/chatgpt-vs-perplexity",0,1,0%,3
it consulting,0,1,0%,4
anthropic claude skills best practices,0,1,0%,5
claude moteur de recherche,0,1,0%,5
claude skills builder,0,1,0%,5
computer labs,0,1,0%,5
dernières mises à jour grok xai avril 2026,0,1,0%,5
évalue bolt pour la création de sites web,0,1,0%,5
bing copilote ai,0,1,0%,6
claude brave mode,0,1,0%,6
follow-builders skill,0,1,0%,6
bing copilo,0,1,0%,7
building skill for claude,0,1,0%,7
building skills claude,0,1,0%,7
création site internet suisse prix,0,1,0%,7
dernière mise à jour grok xai avril 2026,0,1,0%,7
mode recherche claude,0,1,0%,7
claude django skills,0,1,0%,8
claude guide building skills,0,1,0%,8
freelance ch,0,1,0%,8
grok 2026,0,1,0%,8
grok ne marche pas,0,1,0%,8
the complete guide for building skills with claude,0,1,0%,8
www.jon,0,1,0%,8
he complete guide to building skills for claude,0,1,0%,9
jon.ch,0,1,0%,9
mighali,0,1,0%,9
mobile development service,0,1,0%,9
perplexity faq,0,1,0%,9
prix du package seo,0,1,0%,9
the complete guide to building skills,0,1,0%,9
the complete guideto building skillsfor claude,0,1,0%,9
claude blog skills explained,0,1,0%,10
grok update april 2026,0,1,0%,10
guide to building skills for claude,0,1,0%,10
claude ai gratuit,0,1,0%,11
claude recherche,0,1,0%,11
softwareentwicklung,0,1,0%,11
anthropic claude skills skill.md official documentation,0,1,0%,12
labs,0,1,0%,12
mobile labs,0,1,0%,14
quelles agences seo sont spécialisées dans l'optimisation pour moteurs ia ?,0,1,0%,14
blog développeur web,0,1,0%,17
"(""logiciel"" or ""solution"" or ""plateforme"") and (""intelligence artificielle"" 
or ""ia"" or ""apprentissage automatique"" or ""deep learning"") and (""boues 
activées"" or ""stations d'épuration"" or ""step"" or ""eaux usées"")",0,1,0%,19
annemasse informatique,0,1,0%,20
developpement web sur mesure annemasse,0,1,0%,21
entreprise informatique annemasse,0,1,0%,21
informatique annemasse,0,1,0%,21
consultant informatique haute savoie,0,1,0%,22
grok gratuit combien de temps,0,1,0%,25
articles principaux bing,0,1,0%,30
hébergement informatique gex,0,1,0%,31
gorillaz,0,1,0%,34
site freelance suisse,0,1,0%,35