Pages les plus populaires,Clics,Impressions,CTR,Position
https://www.jonlabs.ch/,12,444,2.7%,14.56
https://www.jonlabs.ch/jonvolio/blog/claude-skills-tutorial-builders-guide,9,1450,0.62%,7.79
https://www.jonlabs.ch/blog/apparaitre-claude,3,336,0.89%,6.76
https://www.jonlabs.ch/blog/prix-site-web-suisse-2026,3,270,1.11%,14.21
https://www.jonlabs.ch/about,3,114,2.63%,3.99
https://www.jonlabs.ch/portfolio/leo-lecureux-seo,2,45,4.44%,17.67
https://www.jonlabs.ch/blog/apparaitre-grok-2026,1,343,0.29%,6.79
https://www.jonlabs.ch/cv,1,157,0.64%,5.66
https://www.jonlabs.ch/blog/geo-seo-ia-2026,1,129,0.78%,4.35
https://www.jonlabs.ch/blog/creer-site-vitrine-ia-visibilite-google,1,73,1.37%,5.36
https://www.jonlabs.ch/tarifs,1,56,1.79%,9.23
https://www.jonlabs.ch/portfolio,1,19,5.26%,9.63
https://www.jonlabs.ch/blog/automatisation-club-sportif/,1,17,5.88%,7.29
https://www.jonlabs.ch/blog/0a30joursgooglevisible/,1,12,8.33%,5.33
https://jonlabs.ch/,0,307,0%,12.29
https://www.jonlabs.ch/blog/apparaitre-perplexity,0,290,0%,7.98
https://www.jonlabs.ch/blog/apparaitre-copilot,0,121,0%,7.34
https://www.jonlabs.ch/contact,0,100,0%,6.26
https://www.jonlabs.ch/blog/apparaitre-chatgpt-geneve,0,88,0%,27.14
https://www.jonlabs.ch/services,0,64,0%,6.16
https://www.jonlabs.ch/blog/temps-perdu-pme-automatisation,0,57,0%,6.04
https://www.jonlabs.ch/blog,0,55,0%,7.02
https://www.jonlabs.ch/outils,0,37,0%,6.65
https://www.jonlabs.ch/blog/prix-site-web-suisse-2026/,0,37,0%,9.62
https://www.jonlabs.ch/blog/no-show-rendez-vous-2026,0,36,0%,6.5
https://www.jonlabs.ch/portfolio/ugo-mighali-coutelier,0,29,0%,8.14
https://www.jonlabs.ch/lab,0,27,0%,4.96
https://www.jonlabs.ch/services/creation-site-web,0,22,0%,24.91
https://www.jonlabs.ch/blog/visibilite-site-internet-2026,0,19,0%,7.53
https://www.jonlabs.ch/blog/ia-pragmatique-pme-suisse/,0,14,0%,7.79
https://jonlabs.ch/blog/no-show-rendez-vous-2026/,0,13,0%,8.77
https://jonlabs.ch/services/refonte-site-web/,0,13,0%,15.38
https://www.jonlabs.ch/contact/,0,7,0%,3.57
https://www.jonlabs.ch/blog/15-signes-site-web-dort,0,5,0%,5.2
https://www.jonlabs.ch/blog/ia-pragmatique-pme-suisse,0,4,0%,6.75
https://www.jonlabs.ch/services/refonte-site-web,0,4,0%,10.75
https://www.jonlabs.ch/blog/valide-idee-business-suisse/,0,3,0%,6.67
https://www.jonlabs.ch/lab/,0,2,0%,3.5
https://jonlabs.ch/blog/astro-vs-next/,0,2,0%,5
https://www.jonlabs.ch/outils/checklist-commerce-google,0,2,0%,5.5
https://jonlabs.ch/blog/design-system-brutalist/,0,2,0%,6
https://www.jonlabs.ch/outils/checklist-15-signes-site-dort,0,1,0%,9